job_id,job_title,company_name,job_schedule_type,salary_year_avg,job_posted_date
138058,Data Analyst,Mantys,Full-time,650000.00,2023-02-20
512338,Director of Analytics,Meta,Full-time,336500.00,2023-08-23
370155,Associate Director- Data Insights,AT&T,Full-time,255829.50,2023-06-18
738782,"Data Analyst, Marketing",Pinterest Job Advertisements,Full-time,232423.00,2023-12-05
47958,Data Analyst (Hybrid/Remote),Uclahealthcareers,Full-time,217000.00,2023-01-17
479612,Principal Data Analyst (Remote),SmartAsset,Full-time,205000.00,2023-08-09
742851,"Director, Data Analyst - HYBRID",Inclusively,Full-time,189309.00,2023-12-07
12887,"Principal Data Analyst, AV Performance Analysis",Motional,Full-time,189000.00,2023-01-05
418108,Principal Data Analyst,SmartAsset,Full-time,186000.00,2023-07-11
351852,ERM Data Analyst,Get It Recruit - Information Technology,Full-time,184000.00,2023-06-09
