skill,postings,demand_pct,avg_salary,med_salary
sql,401,65.8,97224.0,90000
excel,261,42.9,86921.0,82500
python,236,38.8,101265.0,95000
tableau,233,38.3,98994.0,92500
r,147,24.1,99906.0,90000
power bi,111,18.2,97384.0,95000
sas,62,10.2,98481.0,94000
powerpoint,58,9.5,88960.0,85000
looker,50,8.2,103169.0,95000
word,48,7.9,82628.0,83500
oracle,38,6.2,103493.0,99873
snowflake,37,6.1,112948.0,106479
sql server,36,5.9,97083.0,95000
azure,33,5.4,112474.0,105000
aws,32,5.3,108708.0,104000
sheets,32,5.3,86088.0,81250
go,27,4.4,115320.0,104300
flow,27,4.4,98207.0,95000
vba,25,4.1,88232.0,76559
spss,24,3.9,92170.0,84250
