skill,postings,share_of_pct
sql,7298,63.5
excel,4596,40.0
python,4304,37.4
tableau,3739,32.5
power bi,2611,22.7
r,2133,18.6
sas,937,8.2
looker,863,7.5
azure,826,7.2
powerpoint,826,7.2
go,821,7.1
aws,769,6.7
word,729,6.3
oracle,620,5.4
snowflake,612,5.3
sql server,604,5.3
flow,494,4.3
sheets,492,4.3
sap,491,4.3
jira,397,3.5
javascript,386,3.4
bigquery,375,3.3
spark,361,3.1
vba,331,2.9
spss,319,2.8
qlik,316,2.7
hadoop,291,2.5
pandas,289,2.5
databricks,279,2.4
java,279,2.4
gcp,273,2.4
git,267,2.3
redshift,264,2.3
dax,261,2.3
alteryx,260,2.3
sharepoint,250,2.2
mysql,241,2.1
ssis,241,2.1
ssrs,238,2.1
airflow,225,2.0
outlook,222,1.9
c,197,1.7
spreadsheet,190,1.7
nosql,188,1.6
confluence,181,1.6
numpy,170,1.5
postgresql,164,1.4
gdpr,146,1.3
visio,138,1.2
github,137,1.2
windows,136,1.2
matplotlib,134,1.2
html,129,1.1
t-sql,122,1.1
cognos,113,1.0
scala,113,1.0
"c#",112,1.0
linux,112,1.0
pyspark,112,1.0
slack,106,0.9
microstrategy,105,0.9
express,101,0.9
ms access,95,0.8
mongodb,92,0.8
matlab,84,0.7
jupyter,83,0.7
crystal,81,0.7
kafka,81,0.7
c++,80,0.7
shell,79,0.7
zoom,77,0.7
css,73,0.6
docker,72,0.6
unix,67,0.6
php,64,0.6
powershell,63,0.5
db2,58,0.5
gitlab,57,0.5
scikit-learn,54,0.5
plotly,53,0.5
bash,50,0.4
spring,49,0.4
tensorflow,48,0.4
kubernetes,47,0.4
splunk,47,0.4
seaborn,46,0.4
atlassian,42,0.4
jenkins,39,0.3
bitbucket,38,0.3
ruby,37,0.3
visual basic,37,0.3
phoenix,35,0.3
react,35,0.3
smartsheet,35,0.3
elasticsearch,34,0.3
perl,34,0.3
microsoft teams,32,0.3
planner,32,0.3
pytorch,31,0.3
asana,30,0.3
notion,30,0.3
swift,30,0.3
terraform,30,0.3
chef,29,0.3
firebase,24,0.2
mongo,23,0.2
vue,23,0.2
cassandra,22,0.2
dynamodb,22,0.2
node.js,22,0.2
terminal,21,0.2
unity,20,0.2
assembly,19,0.2
julia,19,0.2
node,18,0.2
unify,17,0.1
angular,15,0.1
aurora,15,0.1
typescript,15,0.1
airtable,14,0.1
no-sql,14,0.1
trello,13,0.1
ansible,12,0.1
django,12,0.1
macos,12,0.1
monday.com,12,0.1
webex,12,0.1
jquery,11,0.1
ggplot2,10,0.1
graphql,10,0.1
keras,10,0.1
arch,9,0.1
clickup,9,0.1
dplyr,9,0.1
groovy,9,0.1
flask,8,0.1
redis,8,0.1
wire,8,0.1
mariadb,7,0.1
rust,7,0.1
vb.net,7,0.1
cobol,6,0.1
golang,6,0.1
ruby on rails,6,0.1
tidyverse,6,0.1
vmware,6,0.1
asp.net,5,0.0
opencv,5,0.0
selenium,5,0.0
ubuntu,5,0.0
datarobot,4,0.0
fastapi,4,0.0
google chat,4,0.0
heroku,4,0.0
sqlite,4,0.0
svn,4,0.0
symfony,4,0.0
twilio,4,0.0
workfront,4,0.0
wrike,4,0.0
firestore,3,0.0
ibm cloud,3,0.0
neo4j,3,0.0
npm,3,0.0
ringcentral,3,0.0
rshiny,3,0.0
symphony,3,0.0
watson,3,0.0
wsl,3,0.0
yarn,3,0.0
clojure,2,0.0
colocation,2,0.0
cordova,2,0.0
dart,2,0.0
kali,2,0.0
kotlin,2,0.0
nltk,2,0.0
pascal,2,0.0
powerbi,2,0.0
redhat,2,0.0
sass,2,0.0
tidyr,2,0.0
apl,1,0.0
asp.net core,1,0.0
blazor,1,0.0
couchbase,1,0.0
debian,1,0.0
drupal,1,0.0
elixir,1,0.0
erlang,1,0.0
flutter,1,0.0
fortran,1,0.0
laravel,1,0.0
mattermost,1,0.0
next.js,1,0.0
objective-c,1,0.0
puppet,1,0.0
shogun,1,0.0
solidity,1,0.0
unreal,1,0.0
vue.js,1,0.0
